{"cameraMode":{"drawMode":0,"name":"Shaded","section":"Shading Mode"},"sceneLighting":false,"audioPlay":false,"sceneViewState":{"m_AlwaysRefresh":false,"showFog":true,"showSkybox":false,"showFlares":true,"showImageEffects":true,"showParticleSystems":true,"showVisualEffectGraphs":true,"m_FxEnabled":true},"in2DMode":false,"pivot":{"x":0.6127034425735474,"y":-0.3314661979675293,"z":3.8964502811431886},"rotation":{"x":0.08179810643196106,"y":-0.915547251701355,"z":0.23924338817596436,"w":0.31297609210014346},"size":7.967794418334961,"orthographic":false}